company,fy,equity_capital,reserves,borrowings,other_liabilities,total_liabilities,fixed_assets,cwip,investments,other_assets,sales,operating_profit,other_income,interest,depreciation,pbt,net_profit,eps,cfo,fcf,debtor_days,inventory_days,payable_days,roce_pct,x1_wc_ta,x2_re_ta,x3_ebit_ta,x4_bve_tl,altman_z_em,altman_zone,x4_market_mve_tl
ONGC,2021,6290,214691,133187,187580,541748,243746,100309,60320,137372,303849,49473,11271.0,5079,25538,30126.0,21360,12.96,47185,15147,19.0,85.0,51.0,9,-0.09267777638311539,0.3962931104498771,0.04418105835185363,0.688914383337438,4.954206141622128,Grey Zone,
ONGC,2022,6290,253213,121986,201771,583260,254402,106719,66642,155496,491246,79874,6797.0,5696,26883,54091.0,49294,36.19,78248,45158,14.0,90.0,66.0,16,-0.07933854541713815,0.43413400541782393,0.09085313582278914,0.8015363374382639,5.596962226764999,Grey Zone,
ONGC,2023,6290,274357,142255,190212,613115,250819,113945,78873,169478,632291,75527,-30.0,7889,24557,43051.0,32778,28.17,84211,47758,11.0,61.0,46.0,14,-0.03381747306785839,0.4474804889784135,0.08313285435848088,0.8441349066223114,5.931938203986895,Safe Zone,
ONGC,2024,6290,332779,191195,206357,736621,317183,118729,100862,199847,601581,102383,14712.0,13026,30440,73629.0,55273,39.06,98847,60965,12.0,87.0,61.0,18,-0.008837651926838904,0.4517642043873308,0.0976662354182137,0.8528922002656256,6.216630221951938,Safe Zone,
ONGC,2025,6290,337150,187817,221401,752658,340175,112614,95617,204252,612064,88857,13282.0,14535,35206,52398.0,38329,28.8,90856,50143,13.0,99.0,64.0,12,-0.022784584764926435,0.4479458133707474,0.07128204310589936,0.8392592701200827,5.921074038828449,Safe Zone,0.7267471127858501
IOC,2021,9181,102657,116649,126658,355145,157085,36291,44717,117053,363950,39929,4696.0,2933,10941,30751.0,21762,15.32,49650,27904,14.0,111.0,,15,-0.027045291359867097,0.2890565825226316,0.08162299905672331,0.45965796298503536,5.046054762498518,Grey Zone,
IOC,2022,9181,124354,132020,145327,410882,160514,47469,52352,150546,589336,46619,4318.0,4301,12348,34289.0,25727,17.78,24570,1533,12.0,84.0,,16,0.012701943623716785,0.30265136949294447,0.08340837515393713,0.48147266781324477,5.386018796956946,Grey Zone,
IOC,2023,13772,125949,148977,153298,441995,180048,51133,52190,158624,841756,30683,5124.0,7588,13181,15038.0,11704,6.93,29644,-2524,7.0,59.0,,8,0.01204991006685596,0.2849557121686897,0.03959773300602948,0.46223141179389626,5.009442779892613,Grey Zone,
IOC,2024,13772,169645,132628,166639,482683,195998,61032,65542,160111,776352,75650,5384.0,7881,15866,57288.0,43161,29.55,71146,34453,6.0,70.0,,21,-0.0135244042156032,0.35146255409865274,0.12385768713627784,0.6128874884300641,5.782903355114605,Grey Zone,
IOC,2025,13772,172716,152271,168796,507554,201142,77921,67218,161272,758106,36040,7112.0,9311,16777,17063.0,13789,9.63,34452,83,9.0,63.0,,7,-0.014824038427438263,0.3402908853048149,0.037952611938828186,0.5808382674021311,5.127024327010864,Grey Zone,0.613111904991793
BPCL,2021,2093,51462,54532,52891,160978,64098,17037,26768,53075,230171,21001,,1723,4334,22432.0,17320,37.26,23455,14403,12.0,52.0,,18,0.001143013331014176,0.31968343500354085,0.10353588689137647,0.4985431425299982,5.5188976251295445,Grey Zone,
BPCL,2022,2129,49776,64534,71089,187529,83901,15433,23616,64578,346791,19137,,2606,5434,16037.0,11682,26.93,20336,12643,10.0,51.0,,16,-0.03471996331234103,0.2654309466802468,0.07307136496221918,0.38271532114759294,4.780432586599733,Grey Zone,
BPCL,2023,2129,51393,69376,65240,188138,86675,16249,26778,58436,473187,10899,,4263,6369,2821.0,2131,4.91,12466,3960,5.0,32.0,,7,-0.03616494275478638,0.273166505437498,0.024078070352613508,0.39759018244488026,4.482555107591532,Distress Zone,
BPCL,2024,2136,73499,54599,72184,202418,86798,20204,26631,68785,448083,44082,,4149,6771,36194.0,26859,61.91,35936,26391,7.0,42.0,,32,-0.01679198490252843,0.3631050598266953,0.1843264927032181,0.5965705181294022,6.188640149075938,Safe Zone,
BPCL,2025,4273,77112,61101,75898,218382,88628,26387,26531,76837,440272,25401,,3591,7257,18182.0,13337,30.74,23678,8574,8.0,43.0,,16,0.004299804928977663,0.35310602522185897,0.0830837706404374,0.5940554310615406,5.611413503875711,Grey Zone,1.0116424207475967
HPCL,2021,1452,36628,43709,52438,134228,50912,25336,15093,42887,233248,16055,2731.0,963,3625,,10663,48.83,17829,6222,11.0,53.0,,19,-0.07115504961706946,0.27287898203057487,0.09260362964508151,0.3960601994862034,4.71096795660716,Grey Zone,
HPCL,2022,1419,39985,48498,64774,154676,58126,28907,18867,48775,349913,10244,3897.0,997,4000,,7294,34.28,15810,3782,7.0,40.0,,12,-0.10343556854327757,0.25850810726938894,0.04036825363986656,0.36552722649904656,4.069277352338209,Distress Zone,
HPCL,2023,1419,30844,70671,58452,161387,68387,25607,23689,43703,440709,-7192,3942.0,2174,4560,,-6980,-32.8,-3466,-12646,6.0,25.0,,-8,-0.09138902142056052,0.1911182437247114,-0.0728187524397876,0.24986253417284296,3.046547138509794,Distress Zone,
HPCL,2024,1419,45502,66684,69188,182794,79763,20078,29540,53413,433857,24928,3725.0,2556,5596,,16015,75.26,23852,13906,8.0,32.0,,21,-0.08629933148790442,0.24892501942076872,0.10575839469566835,0.3453323716439001,4.5686673513320395,Grey Zone,
HPCL,2025,2128,49016,70558,73067,194770,86179,17967,27046,63577,434106,16448,2072.0,3365,6154,,6736,31.66,14231,4814,10.0,35.0,,11,-0.04872413616059968,0.2516609334086358,0.05285208194280434,0.3560939947780679,4.479848994871236,Distress Zone,0.5533437771975631
GAIL,2021,4440,48742,7873,19975,81030,41160,13400,13058,13413,57372,7245,,179,2174,,6143,9.21,8993,3309,,,,13,-0.08098235221522893,0.6015302974207084,0.06258175984203382,1.9097242171789715,7.105504393235995,Safe Zone,
GAIL,2022,4440,59674,9216,23254,96584,44572,15490,16408,20114,92770,15161,,202,2420,,12304,18.4,9420,2481,,,,23,-0.03251056075540462,0.6178456058974572,0.13191625942185042,1.974561133353865,8.01067385000665,Safe Zone,
GAIL,2023,6575,58352,17816,25062,107805,49697,16646,17248,24214,145668,7500,,365,2702,,5596,8.54,3205,-5548,,,,10,-0.00786605445016465,0.5412735958443486,0.04450628449515329,1.5142264098138907,6.851970567371513,Safe Zone,
GAIL,2024,6575,70422,21794,25944,124735,55188,23627,21910,24010,133228,14314,,719,3672,,9903,15.06,12586,98,,,,15,-0.015504870325089189,0.5645728945364172,0.08531687176814848,1.6129079559260966,7.255678418860494,Safe Zone,
GAIL,2025,6575,78422,21595,26583,133176,58836,27421,22765,24155,141902,15412,,740,3799,,12463,18.93,15727,7818,,,,14,-0.01823151318555896,0.5888598546284616,0.08720039646783204,1.7642284860309685,7.488510974187867,Safe Zone,2.386940097139773
OIL,2021,1084,22582,19718,12151,55535,15969,3171,24010,12385,17616,5689,,660,1844,,4146,21.69,5235,2108,,,,13,0.004213559016836229,0.4066264517871612,0.069235617178356,0.7426025291035175,5.8482391829738365,Grey Zone,
OIL,2022,1084,29478,16721,13846,61129,16805,5900,27099,11325,25906,10500,,940,1824,,6719,34.56,9310,3342,,,,21,-0.04124065500826122,0.48222611199267124,0.1419293624957058,0.9998364249026728,6.555111990360864,Safe Zone,
OIL,2023,1084,37397,18832,16866,74179,18098,11953,27924,16204,36084,15255,,901,1947,,9854,53.66,11410,2886,,,,25,-0.008924358645977973,0.504145378071961,0.17940387441189554,1.0779595495545968,7.172421702877243,Safe Zone,
OIL,2024,1084,47255,24040,20115,92494,20520,20028,34450,17496,31749,12504,,964,2129,,6980,38.95,10933,-1130,,,,18,-0.028315350184876856,0.5108980041948666,0.11216943801760114,1.0947571056505492,6.633052380873829,Safe Zone,
OIL,2025,1627,48141,30645,24410,104823,23649,29527,31613,20034,31703,11158,,1069,2318,,7040,40.27,11332,-1637,,,,13,-0.04174656325424764,0.45925989525199623,0.08433263692128636,0.9039687585142131,5.9892123201246115,Safe Zone,1.384197620561257
RELIANCE,2021,6445,693727,278962,340931,1320065,541258,125953,364828,288026,466307,80790,,21189,26572,55461.0,53739,38.75,26958,-76560,15.0,102.0,,8,-0.04007757193774549,0.5255248794566935,0.04107221992856412,1.1295046080533253,6.162287391493153,Safe Zone,
RELIANCE,2022,6765,772720,319158,399979,1498622,627798,172506,394264,304054,694673,108581,,14584,29782,83815.0,67845,44.87,110654,13646,12.0,83.0,,8,-0.06400880275346285,0.51562034989477,0.05258097105207317,1.0839172508159085,6.00248183342087,Safe Zone,
RELIANCE,2023,6766,709106,451664,438346,1605882,724805,293752,235560,351765,876396,142318,,19571,40303,94464.0,74088,49.29,115032,-16770,12.0,87.0,,9,-0.05391492027434145,0.44156793587573684,0.06352583813754685,0.8043415242525365,5.6072818267047,Grey Zone,
RELIANCE,2024,6766,786715,350719,610848,1755048,779985,338855,225672,410536,899041,162498,,23118,50832,104340.0,79020,51.45,158788,21212,13.0,95.0,,10,-0.11413477010315387,0.4482583952119828,0.06362561023971994,0.8251957481901937,5.2566179129249955,Grey Zone,
RELIANCE,2025,13532,829668,374313,732200,1949713,999393,262358,242381,445581,962820,165598,,24269,53136,106017.0,81309,51.47,178703,41079,16.0,85.0,,10,-0.1470057387933506,0.42553339901821446,0.05768131001844887,0.7620335233295948,4.86063483713505,Grey Zone,1.6021158359639698
