company,driver,shock,dd,converged,base_dd,dd_change_from_base
ONGC,Equity Volatility,-0.5,13.302630720578838,True,6.595593111119639,6.707037609459199
ONGC,Equity Volatility,-0.25,8.837463675321644,True,6.595593111119639,2.2418705642020047
ONGC,Equity Volatility,-0.1,7.34412157142534,True,6.595593111119639,0.7485284603057014
ONGC,Equity Volatility,0.0,6.595593111119639,True,6.595593111119639,0.0
ONGC,Equity Volatility,0.1,5.981809889621102,True,6.595593111119639,-0.6137832214985366
ONGC,Equity Volatility,0.25,5.243040975254731,True,6.595593111119639,-1.352552135864908
ONGC,Equity Volatility,0.5,4.335135596250648,True,6.595593111119639,-2.2604575148689907
ONGC,Debt,-0.5,8.014737389790389,True,6.595593111119639,1.4191442786707498
ONGC,Debt,-0.25,7.1309125769224995,True,6.595593111119639,0.5353194658028606
ONGC,Debt,-0.1,6.78280552095773,True,6.595593111119639,0.18721240983809118
ONGC,Debt,0.0,6.595593111119639,True,6.595593111119639,0.0
ONGC,Debt,0.1,6.434960590208477,True,6.595593111119639,-0.16063252091116187
ONGC,Debt,0.25,6.232347152484368,True,6.595593111119639,-0.36324595863527076
ONGC,Debt,0.5,5.968217394016855,True,6.595593111119639,-0.6273757171027841
ONGC,Equity Value,-0.5,5.608059724691493,True,6.595593111119639,-0.9875333864281455
ONGC,Equity Value,-0.25,6.135553461098337,True,6.595593111119639,-0.46003965002130176
ONGC,Equity Value,-0.1,6.4185011761630415,True,6.595593111119639,-0.17709193495659736
ONGC,Equity Value,0.0,6.595593111119639,True,6.595593111119639,0.0
ONGC,Equity Value,0.1,6.764507946095952,True,6.595593111119639,0.168914834976313
ONGC,Equity Value,0.25,7.004178642657631,True,6.595593111119639,0.4085855315379918
ONGC,Equity Value,0.5,7.372123213654639,True,6.595593111119639,0.7765301025350002
ONGC,Risk-Free Rate,-0.02,6.561201925108958,True,6.595593111119639,-0.03439118601068092
ONGC,Risk-Free Rate,-0.01,6.578351965605636,True,6.595593111119639,-0.01724114551400291
ONGC,Risk-Free Rate,0.0,6.595593111119639,True,6.595593111119639,0.0
ONGC,Risk-Free Rate,0.01,6.612925457276788,True,6.595593111119639,0.017332346157148848
ONGC,Risk-Free Rate,0.02,6.630349096201672,True,6.595593111119639,0.03475598508203337
ONGC,Time Horizon,1.0,6.595593111119639,True,6.595593111119639,0.0
ONGC,Time Horizon,2.0,4.694052438205205,True,6.595593111119639,-1.9015406729144342
ONGC,Time Horizon,3.0,3.8576359277233547,True,6.595593111119639,-2.737957183396284
IOC,Equity Volatility,-0.5,11.073352376292227,True,5.478063862792949,5.595288513499279
IOC,Equity Volatility,-0.25,7.349672543633737,True,5.478063862792949,1.8716086808407884
IOC,Equity Volatility,-0.1,6.103235951529987,True,5.478063862792949,0.6251720887370382
IOC,Equity Volatility,0.0,5.478063862792949,True,5.478063862792949,0.0
IOC,Equity Volatility,0.1,4.965137850866944,True,5.478063862792949,-0.5129260119260044
IOC,Equity Volatility,0.25,4.3472700456511095,True,5.478063862792949,-1.1307938171418392
IOC,Equity Volatility,0.5,3.586632877394738,True,5.478063862792949,-1.8914309853982108
IOC,Debt,-0.5,6.605430790866515,True,5.478063862792949,1.1273669280735659
IOC,Debt,-0.25,5.8988898958061915,True,5.478063862792949,0.42082603301324273
IOC,Debt,-0.1,5.624554468753503,True,5.478063862792949,0.14649060596055463
IOC,Debt,0.0,5.478063862792949,True,5.478063862792949,0.0
IOC,Debt,0.1,5.352994696403069,True,5.478063862792949,-0.12506916638987953
IOC,Debt,0.25,5.196103979144362,True,5.478063862792949,-0.2819598836485868
IOC,Debt,0.5,4.993118589349697,True,5.478063862792949,-0.4849452734432518
IOC,Equity Value,-0.5,4.719380834269888,True,5.478063862792949,-0.7586830285230608
IOC,Equity Value,-0.25,5.121509218098284,True,5.478063862792949,-0.3565546446946648
IOC,Equity Value,-0.1,5.340212971751444,True,5.478063862792949,-0.13785089104150483
IOC,Equity Value,0.0,5.478063862792949,True,5.478063862792949,0.0
IOC,Equity Value,0.1,5.610203511996983,True,5.478063862792949,0.1321396492040341
IOC,Equity Value,0.25,5.798731493308216,True,5.478063862792949,0.3206676305152669
IOC,Equity Value,0.5,6.090365675740104,True,5.478063862792949,0.6123018129471554
IOC,Risk-Free Rate,-0.02,5.4512373021762315,True,5.478063862792949,-0.026826560616717288
IOC,Risk-Free Rate,-0.01,5.464611728464656,True,5.478063862792949,-0.013452134328292509
IOC,Risk-Free Rate,0.0,5.478063862792949,True,5.478063862792949,0.0
IOC,Risk-Free Rate,0.01,5.4915938527783865,True,5.478063862792949,0.013529989985437751
IOC,Risk-Free Rate,0.02,5.505201843171538,True,5.478063862792949,0.02713798037858961
IOC,Time Horizon,1.0,5.478063862792949,True,5.478063862792949,0.0
IOC,Time Horizon,2.0,3.8824179864268786,True,5.478063862792949,-1.5956458763660701
IOC,Time Horizon,3.0,3.1758397414737116,True,5.478063862792949,-2.302224121319237
BPCL,Equity Volatility,-0.5,11.706660389038117,True,5.774773958573233,5.931886430464884
BPCL,Equity Volatility,-0.25,7.760797909892425,True,5.774773958573233,1.9860239513191917
BPCL,Equity Volatility,-0.1,6.438527640810072,True,5.774773958573233,0.6637536822368393
BPCL,Equity Volatility,0.0,5.774773958573233,True,5.774773958573233,0.0
BPCL,Equity Volatility,0.1,5.229798243586485,True,5.774773958573233,-0.544975714986748
BPCL,Equity Volatility,0.25,4.572681903704004,True,5.774773958573233,-1.2020920548692287
BPCL,Equity Volatility,0.5,3.762459097013479,True,5.774773958573233,-2.012314861559754
BPCL,Debt,-0.5,7.08209221105847,True,5.774773958573233,1.3073182524852367
BPCL,Debt,-0.25,6.275495159642549,True,5.774773958573233,0.5007212010693163
BPCL,Debt,-0.1,5.951088230927721,True,5.774773958573233,0.17631427235448793
BPCL,Debt,0.0,5.774773958573233,True,5.774773958573233,0.0
BPCL,Debt,0.1,5.622370176991696,True,5.774773958573233,-0.1524037815815369
BPCL,Debt,0.25,5.4285506108723105,True,5.774773958573233,-0.34622334770092245
BPCL,Debt,0.5,5.17300064138564,True,5.774773958573233,-0.6017733171875932
BPCL,Equity Value,-0.5,4.818654209526151,True,5.774773958573233,-0.9561197490470823
BPCL,Equity Value,-0.25,5.33529522018102,True,5.774773958573233,-0.4394787383922125
BPCL,Equity Value,-0.1,5.606692648487692,True,5.774773958573233,-0.16808131008554117
BPCL,Equity Value,0.0,5.774773958573233,True,5.774773958573233,0.0
BPCL,Equity Value,0.1,5.933915358118148,True,5.774773958573233,0.15914139954491535
BPCL,Equity Value,0.25,6.157881728007763,True,5.774773958573233,0.3831077694345302
BPCL,Equity Value,0.5,6.497894631740832,True,5.774773958573233,0.7231206731675988
BPCL,Risk-Free Rate,-0.02,5.7422341649827375,True,5.774773958573233,-0.032539793590495414
BPCL,Risk-Free Rate,-0.01,5.758466955464102,True,5.774773958573233,-0.016307003109131024
BPCL,Risk-Free Rate,0.0,5.774773958573233,True,5.774773958573233,0.0
BPCL,Risk-Free Rate,0.01,5.791155152497385,True,5.774773958573233,0.01638119392415227
BPCL,Risk-Free Rate,0.02,5.807610512631598,True,5.774773958573233,0.03283655405836505
BPCL,Time Horizon,1.0,5.774773958573233,True,5.774773958573233,0.0
BPCL,Time Horizon,2.0,4.087173370334107,True,5.774773958573233,-1.6876005882391256
BPCL,Time Horizon,3.0,3.339534231450422,True,5.774773958573233,-2.435239727122811
HPCL,Equity Volatility,-0.5,8.222971342250982,True,4.039722277451631,4.183249064799352
HPCL,Equity Volatility,-0.25,5.442142244777504,True,4.039722277451631,1.4024199673258728
HPCL,Equity Volatility,-0.1,4.508817920195618,True,4.039722277451631,0.4690956427439872
HPCL,Equity Volatility,0.0,4.039722277451631,True,4.039722277451631,0.0
HPCL,Equity Volatility,0.1,3.654030755174934,True,4.039722277451631,-0.385691522276697
HPCL,Equity Volatility,0.25,3.187597393388619,True,4.039722277451631,-0.852124884063012
HPCL,Equity Volatility,0.5,2.6068987884702985,True,4.039722277451631,-1.4328234889813323
HPCL,Debt,-0.5,4.837133293903082,True,4.039722277451631,0.7974110164514512
HPCL,Debt,-0.25,4.334644283766805,True,4.039722277451631,0.29492200631517385
HPCL,Debt,-0.1,4.141969436675389,True,4.039722277451631,0.10224715922375793
HPCL,Debt,0.0,4.039722277451631,True,4.039722277451631,0.0
HPCL,Debt,0.1,3.9528021865955676,True,4.039722277451631,-0.08692009085606323
HPCL,Debt,0.25,3.8442810108019323,True,4.039722277451631,-0.19544126664969852
HPCL,Debt,0.5,3.7047725532921922,True,4.039722277451631,-0.3349497241594386
HPCL,Equity Value,-0.5,3.518344622350835,True,4.039722277451631,-0.521377655100796
HPCL,Equity Value,-0.25,3.7928928198875904,True,4.039722277451631,-0.2468294575640404
HPCL,Equity Value,-0.1,3.9439393304427424,True,4.039722277451631,-0.09578294700888845
HPCL,Equity Value,0.0,4.039722277451631,True,4.039722277451631,0.0
HPCL,Equity Value,0.1,4.131932470140014,True,4.039722277451631,0.09221019268838315
HPCL,Equity Value,0.25,4.264126158676686,True,4.039722277451631,0.22440388122505528
HPCL,Equity Value,0.5,4.469980517905879,True,4.039722277451631,0.4302582404542479
HPCL,Risk-Free Rate,-0.02,4.02104872534105,True,4.039722277451631,-0.01867355211058097
HPCL,Risk-Free Rate,-0.01,4.030356452746426,True,4.039722277451631,-0.009365824705204417
HPCL,Risk-Free Rate,0.0,4.039722277451631,True,4.039722277451631,0.0
HPCL,Risk-Free Rate,0.01,4.049146352655979,True,4.039722277451631,0.009424075204348625
HPCL,Risk-Free Rate,0.02,4.058628829512172,True,4.039722277451631,0.018906552060541593
HPCL,Time Horizon,1.0,4.039722277451631,True,4.039722277451631,0.0
HPCL,Time Horizon,2.0,2.8292744077616723,True,4.039722277451631,-1.2104478696899585
HPCL,Time Horizon,3.0,2.2775566819183926,True,4.039722277451631,-1.7621655955332383
GAIL,Equity Volatility,-0.5,17.472483761902605,True,8.654862386408848,8.817621375493758
GAIL,Equity Volatility,-0.25,11.603111677633706,True,8.654862386408848,2.948249291224858
GAIL,Equity Volatility,-0.1,9.639420583362524,True,8.654862386408848,0.9845581969536763
GAIL,Equity Volatility,0.0,8.654862386408848,True,8.654862386408848,0.0
GAIL,Equity Volatility,0.1,7.847341934488143,True,8.654862386408848,-0.8075204519207047
GAIL,Equity Volatility,0.25,6.875062212398233,True,8.654862386408848,-1.7798001740106146
GAIL,Equity Volatility,0.5,5.679486590787231,True,8.654862386408848,-2.9753757956216162
GAIL,Debt,-0.5,10.616668357549203,True,8.654862386408848,1.9618059711403557
GAIL,Debt,-0.25,9.430966072900931,True,8.654862386408848,0.7761036864920836
GAIL,Debt,-0.1,8.932347141657017,True,8.654862386408848,0.2774847552481692
GAIL,Debt,0.0,8.654862386408848,True,8.654862386408848,0.0
GAIL,Debt,0.1,8.410862549964309,True,8.654862386408848,-0.24399983644453904
GAIL,Debt,0.25,8.094410614678802,True,8.654862386408848,-0.5604517717300457
GAIL,Debt,0.5,7.665268139051238,True,8.654862386408848,-0.9895942473576094
GAIL,Equity Value,-0.5,7.043432076810478,True,8.654862386408848,-1.6114303095983695
GAIL,Equity Value,-0.25,7.939472631790099,True,8.654862386408848,-0.7153897546187489
GAIL,Equity Value,-0.1,8.385529897983417,True,8.654862386408848,-0.2693324884254302
GAIL,Equity Value,0.0,8.654862386408848,True,8.654862386408848,0.0
GAIL,Equity Value,0.1,8.905533578709514,True,8.654862386408848,0.2506711923006666
GAIL,Equity Value,0.25,9.251860440132367,True,8.654862386408848,0.5969980537235191
GAIL,Equity Value,0.5,9.764916923330448,True,8.654862386408848,1.1100545369216004
GAIL,Risk-Free Rate,-0.02,8.603101483462542,True,8.654862386408848,-0.051760902946305976
GAIL,Risk-Free Rate,-0.01,8.628945095608996,True,8.654862386408848,-0.0259172907998515
GAIL,Risk-Free Rate,0.0,8.654862386408848,True,8.654862386408848,0.0
GAIL,Risk-Free Rate,0.01,8.680853127421816,True,8.654862386408848,0.0259907410129685
GAIL,Risk-Free Rate,0.02,8.70691708890829,True,8.654862386408848,0.052054702499441774
GAIL,Time Horizon,1.0,8.654862386408848,True,8.654862386408848,0.0
GAIL,Time Horizon,2.0,6.167670127731695,True,8.654862386408848,-2.487192258677153
GAIL,Time Horizon,3.0,5.075595693057167,True,8.654862386408848,-3.5792666933516806
OIL,Equity Volatility,-0.5,11.484589541642187,True,5.657964641351754,5.826624900290433
OIL,Equity Volatility,-0.25,7.609542962859258,True,5.657964641351754,1.9515783215075047
OIL,Equity Volatility,-0.1,6.310364759294087,True,5.657964641351754,0.6524001179423333
OIL,Equity Volatility,0.0,5.657964641351754,True,5.657964641351754,0.0
OIL,Equity Volatility,0.1,5.122138154217049,True,5.657964641351754,-0.5358264871347043
OIL,Equity Volatility,0.25,4.475768504111862,True,5.657964641351754,-1.1821961372398917
OIL,Equity Volatility,0.5,3.678140254092797,True,5.657964641351754,-1.9798243872589567
OIL,Debt,-0.5,6.949447245837101,True,5.657964641351754,1.2914826044853474
OIL,Debt,-0.25,6.1544729578925335,True,5.657964641351754,0.49650831654077976
OIL,Debt,-0.1,5.833094269900669,True,5.657964641351754,0.17512962854891523
OIL,Debt,0.0,5.657964641351754,True,5.657964641351754,0.0
OIL,Debt,0.1,5.506301341381965,True,5.657964641351754,-0.15166329996978867
OIL,Debt,0.25,5.31301786768042,True,5.657964641351754,-0.3449467736713334
OIL,Debt,0.5,5.057424516081627,True,5.657964641351754,-0.6005401252701263
OIL,Equity Value,-0.5,4.701447147706971,True,5.657964641351754,-0.9565174936447827
OIL,Equity Value,-0.25,5.219849241605403,True,5.657964641351754,-0.4381153997463505
OIL,Equity Value,-0.1,5.4906844180290175,True,5.657964641351754,-0.16728022332273618
OIL,Equity Value,0.0,5.657964641351754,True,5.657964641351754,0.0
OIL,Equity Value,0.1,5.816051655986401,True,5.657964641351754,0.15808701463464736
OIL,Equity Value,0.25,6.0380786479584465,True,5.657964641351754,0.3801140066066928
OIL,Equity Value,0.5,6.374213942709762,True,5.657964641351754,0.7162493013580082
OIL,Risk-Free Rate,-0.02,5.625605598772151,True,5.657964641351754,-0.03235904257960254
OIL,Risk-Free Rate,-0.01,5.641749730944925,True,5.657964641351754,-0.016214910406828764
OIL,Risk-Free Rate,0.0,5.657964641351754,True,5.657964641351754,0.0
OIL,Risk-Free Rate,0.01,5.67425028549298,True,5.657964641351754,0.016285644141226463
OIL,Risk-Free Rate,0.02,5.690606616281213,True,5.657964641351754,0.03264197492945886
OIL,Time Horizon,1.0,5.657964641351754,True,5.657964641351754,0.0
OIL,Time Horizon,2.0,3.9986129591138813,True,5.657964641351754,-1.6593516822378724
OIL,Time Horizon,3.0,3.262178760503331,True,5.657964641351754,-2.3957858808484227
RELIANCE,Equity Volatility,-0.5,20.693352236639416,True,10.281469349387843,10.411882887251574
RELIANCE,Equity Volatility,-0.25,13.759342175019682,True,10.281469349387843,3.47787282563184
RELIANCE,Equity Volatility,-0.1,11.442209330574721,True,10.281469349387843,1.1607399811868788
RELIANCE,Equity Volatility,0.0,10.281469349387843,True,10.281469349387843,0.0
RELIANCE,Equity Volatility,0.1,9.33019223098811,True,10.281469349387843,-0.951277118399732
RELIANCE,Equity Volatility,0.25,8.186051418151157,True,10.281469349387843,-2.0954179312366854
RELIANCE,Equity Volatility,0.5,6.781860934105028,True,10.281469349387843,-3.4996084152828146
RELIANCE,Debt,-0.5,12.623104098886621,True,10.281469349387843,2.3416347494987786
RELIANCE,Debt,-0.25,11.204761004587203,True,10.281469349387843,0.9232916551993604
RELIANCE,Debt,-0.1,10.611055508535559,True,10.281469349387843,0.3295861591477163
RELIANCE,Debt,0.0,10.281469349387843,True,10.281469349387843,0.0
RELIANCE,Debt,0.1,9.99217628630211,True,10.281469349387843,-0.2892930630857329
RELIANCE,Debt,0.25,9.61775764021592,True,10.281469349387843,-0.6637117091719222
RELIANCE,Debt,0.5,9.111520924193234,True,10.281469349387843,-1.1699484251946082
RELIANCE,Equity Value,-0.5,8.381433327063947,True,10.281469349387843,-1.9000360223238957
RELIANCE,Equity Value,-0.25,9.434776678052486,True,10.281469349387843,-0.8466926713353562
RELIANCE,Equity Value,-0.1,9.962170334321014,True,10.281469349387843,-0.3192990150668287
RELIANCE,Equity Value,0.0,10.281469349387843,True,10.281469349387843,0.0
RELIANCE,Equity Value,0.1,10.579180876419878,True,10.281469349387843,0.2977115270320354
RELIANCE,Equity Value,0.25,10.991293210132778,True,10.281469349387843,0.709823860744935
RELIANCE,Equity Value,0.5,11.603362721553989,True,10.281469349387843,1.321893372166146
RELIANCE,Risk-Free Rate,-0.02,10.220058376222509,True,10.281469349387843,-0.061410973165333615
RELIANCE,Risk-Free Rate,-0.01,10.250717390137915,True,10.281469349387843,-0.030751959249927907
RELIANCE,Risk-Free Rate,0.0,10.281469349387843,True,10.281469349387843,0.0
RELIANCE,Risk-Free Rate,0.01,10.312313996340349,True,10.281469349387843,0.030844646952505883
RELIANCE,Risk-Free Rate,0.02,10.343251071429826,True,10.281469349387843,0.0617817220419834
RELIANCE,Time Horizon,1.0,10.281469349387843,True,10.281469349387843,0.0
RELIANCE,Time Horizon,2.0,7.356654991850507,True,10.281469349387843,-2.9248143575373353
RELIANCE,Time Horizon,3.0,6.078712570124034,True,10.281469349387843,-4.202756779263809
