company,fy,equity_capital,reserves,borrowings,other_liabilities,total_liabilities,fixed_assets,cwip,investments,other_assets,sales,operating_profit,other_income,interest,depreciation,pbt,net_profit,eps,cfo,fcf,debtor_days,inventory_days,payable_days,roce_pct,_bs_check
ONGC,2021,6290,214691,133187,187580,541748,243746,100309,60320,137372,303849,49473,11271.0,5079,25538,30126.0,21360,12.96,47185,15147,19.0,85.0,51.0,9,0
ONGC,2022,6290,253213,121986,201771,583260,254402,106719,66642,155496,491246,79874,6797.0,5696,26883,54091.0,49294,36.19,78248,45158,14.0,90.0,66.0,16,0
ONGC,2023,6290,274357,142255,190212,613115,250819,113945,78873,169478,632291,75527,-30.0,7889,24557,43051.0,32778,28.17,84211,47758,11.0,61.0,46.0,14,-1
ONGC,2024,6290,332779,191195,206357,736621,317183,118729,100862,199847,601581,102383,14712.0,13026,30440,73629.0,55273,39.06,98847,60965,12.0,87.0,61.0,18,0
ONGC,2025,6290,337150,187817,221401,752658,340175,112614,95617,204252,612064,88857,13282.0,14535,35206,52398.0,38329,28.8,90856,50143,13.0,99.0,64.0,12,0
IOC,2021,9181,102657,116649,126658,355145,157085,36291,44717,117053,363950,39929,4696.0,2933,10941,30751.0,21762,15.32,49650,27904,14.0,111.0,,15,0
IOC,2022,9181,124354,132020,145327,410882,160514,47469,52352,150546,589336,46619,4318.0,4301,12348,34289.0,25727,17.78,24570,1533,12.0,84.0,,16,0
IOC,2023,13772,125949,148977,153298,441995,180048,51133,52190,158624,841756,30683,5124.0,7588,13181,15038.0,11704,6.93,29644,-2524,7.0,59.0,,8,1
IOC,2024,13772,169645,132628,166639,482683,195998,61032,65542,160111,776352,75650,5384.0,7881,15866,57288.0,43161,29.55,71146,34453,6.0,70.0,,21,1
IOC,2025,13772,172716,152271,168796,507554,201142,77921,67218,161272,758106,36040,7112.0,9311,16777,17063.0,13789,9.63,34452,83,9.0,63.0,,7,1
BPCL,2021,2093,51462,54532,52891,160978,64098,17037,26768,53075,230171,21001,,1723,4334,22432.0,17320,37.26,23455,14403,12.0,52.0,,18,0
BPCL,2022,2129,49776,64534,71089,187529,83901,15433,23616,64578,346791,19137,,2606,5434,16037.0,11682,26.93,20336,12643,10.0,51.0,,16,-1
BPCL,2023,2129,51393,69376,65240,188138,86675,16249,26778,58436,473187,10899,,4263,6369,2821.0,2131,4.91,12466,3960,5.0,32.0,,7,0
BPCL,2024,2136,73499,54599,72184,202418,86798,20204,26631,68785,448083,44082,,4149,6771,36194.0,26859,61.91,35936,26391,7.0,42.0,,32,0
BPCL,2025,4273,77112,61101,75898,218382,88628,26387,26531,76837,440272,25401,,3591,7257,18182.0,13337,30.74,23678,8574,8.0,43.0,,16,2
HPCL,2021,1452,36628,43709,52438,134228,50912,25336,15093,42887,233248,16055,2731.0,963,3625,,10663,48.83,17829,6222,11.0,53.0,,19,-1
HPCL,2022,1419,39985,48498,64774,154676,58126,28907,18867,48775,349913,10244,3897.0,997,4000,,7294,34.28,15810,3782,7.0,40.0,,12,0
HPCL,2023,1419,30844,70671,58452,161387,68387,25607,23689,43703,440709,-7192,3942.0,2174,4560,,-6980,-32.8,-3466,-12646,6.0,25.0,,-8,-1
HPCL,2024,1419,45502,66684,69188,182794,79763,20078,29540,53413,433857,24928,3725.0,2556,5596,,16015,75.26,23852,13906,8.0,32.0,,21,-1
HPCL,2025,2128,49016,70558,73067,194770,86179,17967,27046,63577,434106,16448,2072.0,3365,6154,,6736,31.66,14231,4814,10.0,35.0,,11,-1
GAIL,2021,4440,48742,7873,19975,81030,41160,13400,13058,13413,57372,7245,,179,2174,,6143,9.21,8993,3309,,,,13,0
GAIL,2022,4440,59674,9216,23254,96584,44572,15490,16408,20114,92770,15161,,202,2420,,12304,18.4,9420,2481,,,,23,0
GAIL,2023,6575,58352,17816,25062,107805,49697,16646,17248,24214,145668,7500,,365,2702,,5596,8.54,3205,-5548,,,,10,0
GAIL,2024,6575,70422,21794,25944,124735,55188,23627,21910,24010,133228,14314,,719,3672,,9903,15.06,12586,98,,,,15,0
GAIL,2025,6575,78422,21595,26583,133176,58836,27421,22765,24155,141902,15412,,740,3799,,12463,18.93,15727,7818,,,,14,-1
OIL,2021,1084,22582,19718,12151,55535,15969,3171,24010,12385,17616,5689,,660,1844,,4146,21.69,5235,2108,,,,13,0
OIL,2022,1084,29478,16721,13846,61129,16805,5900,27099,11325,25906,10500,,940,1824,,6719,34.56,9310,3342,,,,21,0
OIL,2023,1084,37397,18832,16866,74179,18098,11953,27924,16204,36084,15255,,901,1947,,9854,53.66,11410,2886,,,,25,0
OIL,2024,1084,47255,24040,20115,92494,20520,20028,34450,17496,31749,12504,,964,2129,,6980,38.95,10933,-1130,,,,18,0
OIL,2025,1627,48141,30645,24410,104823,23649,29527,31613,20034,31703,11158,,1069,2318,,7040,40.27,11332,-1637,,,,13,0
RELIANCE,2021,6445,693727,278962,340931,1320065,541258,125953,364828,288026,466307,80790,,21189,26572,55461.0,53739,38.75,26958,-76560,15.0,102.0,,8,0
RELIANCE,2022,6765,772720,319158,399979,1498622,627798,172506,394264,304054,694673,108581,,14584,29782,83815.0,67845,44.87,110654,13646,12.0,83.0,,8,0
RELIANCE,2023,6766,709106,451664,438346,1605882,724805,293752,235560,351765,876396,142318,,19571,40303,94464.0,74088,49.29,115032,-16770,12.0,87.0,,9,0
RELIANCE,2024,6766,786715,350719,610848,1755048,779985,338855,225672,410536,899041,162498,,23118,50832,104340.0,79020,51.45,158788,21212,13.0,95.0,,10,0
RELIANCE,2025,13532,829668,374313,732200,1949713,999393,262358,242381,445581,962820,165598,,24269,53136,106017.0,81309,51.47,178703,41079,16.0,85.0,,10,0
